"id","name","description","category","gender_applicable","start_age","end_age","frequency_years","is_active","icon_url","priority","special_code"
"178","صحة الاسنان","مكملات الفلورايد بعض الأطفال","preventive","both","1","5","1","true",,"recommended",
"179","فرط الحركة","ينصح عند ملاحظة صعوبة اكادمية/سلوكية ","preventive","both","4","18","0","true",,"recommended",
"180","السمع","اختبار القياس السمعي","preventive","both","3","6","0","true",,"recommended",
"181","النظر"," مخطط سنيلين او رموز ""ليا"" للأطفال ","preventive","both","3","5","0","true",,"recommended",
"182","التويتر والقلق","ويشمل الحامل وفترة مابعد الحمل","preventive","both","18","64","0","true",,"recommended",
"183","الاكتئاب","يشمل المَرأة الحامل وفترة مابعد الولادة لمن هم تحت ال65 سنة.","preventive","both","65","80","0","true",,"recommended",
"184","الامراض الجنسية (الزهري)"," لمن قضى فترة بالسجن او الخدمة العسكرية","preventive","both","18","59","0","true",,"strongly_recommended",
"185","عيادة التدخين","علاجات دوائية وسلوكيّة","preventive","both","18","59","0","true",,"recommended","SMK"
"186","السمنة","جلسات تعديل السلوك لمن تجاوزت كتلة الجسم لديهم 30","preventive","both","18","59","0","true",,"recommended",
"187","ضغط الدم","في حالة تسجيل ارتفاغ في ضغط الدم بالعيادة، ينصح الالتزام بقياس ضغط الدم بالمنزل","preventive","both","18","59","1","true",,"strongly_recommended",
"188","السكر","التحليل العشوائي او التراكمي خصوصا لمن يعانون من السمنة (كتلة الجسم فوق 25)","preventive","both","35","70","3","true",,"recommended",
"189","الامراض الجنسية (الكلاميديا والسيلان)","خصوصا لمن يمارسون علاقات متعددة","preventive","both","18","45","0","true",,"recommended",
"190","فيروس التهاب الكبد ب","بالاخص الحامل ومستخدمي الحقن","preventive","both","18","59","0","true",,"recommended",
"191","فيروس التهاب الكبد ج","بالاخص مستخدمي الحقن","preventive","both","18","79","0","true",,"recommended",
"192","عنق الرحم (مسحة)","يستهذف فيروس الورم الحليمي البشري","preventive","female","21","29","3","true",,"strongly_recommended",
"193"," عنق الرحم (شامل)","يضاف التحليل الخلوي مع المسحة بعد عمر الثلاثين. ","preventive","female","30","65","5","true",,"strongly_recommended",
"194","الثدي","تُجرى حاليًا دراسات، مثل تجربة WISDOM، لبحث إمكانية تقديم سن بدء الكشف عن سرطان الثدي إلى ما قبل سن الأربعين.","preventive","female","40","74","2","true",,"recommended",
"195","الرئة","اشعة مقطعية للصدر، لمن يدخنون 20 علبة/سنة لمدة 20 سنة او توقفوا عن التدخين خلال السنوات الخمس عشرة الماضية.","preventive","both","50","80","0","true",,"recommended","SMK"
"196","القولون","بالمنظار القولوني الشامل (قد يستخدم الطبيب أساليب أخرى تختلف فيها المدة الزمنيّة مثل: المنظار السفلي، العينة، الحمض النووي.","preventive","both","45","75","10","true",,"strongly_recommended",
"197","هشاشة العظام","خصوصا لمن لديهم خطورة عالية مثل (التدخن،الكحول،تاريخ كسر بالخصر لدى الام/الاب، قلة وزن)","preventive","female","65",,"0","true",,"recommended",
"198","القلب","قد يعطى الاسبرين/والستاتين كأدوية وقائية ضد امراض القلب (تخضع لتقييم الطبيب)","preventive","both","40","75","0","true",,"recommended",
"199","الاستخدام المفرط للكحول","جلسات تعديل السلوك للمدمنين ","preventive","both","18",,"0","true",,"recommended",
"200","الكتلة الجسمية","قياس الـBMI ومحيط الخصر","preventive","both","18",,"2","true",,"recommended",
"201","الحامل","حمض الفوليك(شهر قبل الجماع ويستمر ثلاث شهور من بداية الحمل) / فيتامين ك (بعد الوضع)","preventive","female","18",,"0","true",,"strongly_recommended",
"202","الشرايين","للكشف عن تمدّد الشريان عند المدخنين بغض النظر عن المدة والكمية","preventive","male","65","75","0","true",,"recommended","SMK"